{"latent_step_lens": [12.875, 13.390625, 14.46875, 8.21875, 13.671875, 12.734375, 13.578125, 9.453125, 8.078125, 13.296875, 14.421875], "latent_step_stds": [5.059957981109619, 4.812738418579102, 3.7159833908081055, 6.437658786773682, 4.209040641784668, 4.928833961486816, 4.1587724685668945, 5.765055179595947, 6.52298641204834, 4.984673976898193, 3.7788245677948], "action_chunk_size": 16}