{"latent_step_lens": [15.46875, 15.515625, 15.375, 6.671875, 11.265625, 14.515625, 4.28125, 15.0, 15.140625, 6.59375, 15.53125, 5.375, 14.640625], "latent_step_stds": [2.1964528560638428, 1.7547413110733032, 2.3603873252868652, 4.6770453453063965, 5.325119495391846, 3.4869015216827393, 3.020925760269165, 2.7888667583465576, 2.866706609725952, 4.845940113067627, 1.745458960533142, 3.877079486846924, 3.1891045570373535], "action_chunk_size": 16}