{"latent_step_lens": [14.9375, 14.96875, 9.65625, 15.40625, 5.328125, 15.515625, 15.484375, 15.03125, 9.296875, 15.4375, 4.078125, 14.9375, 15.6875, 14.25, 10.046875, 15.375, 5.84375, 15.390625], "latent_step_stds": [2.975428342819214, 2.612356185913086, 5.357738018035889, 1.9818121194839478, 3.4135801792144775, 1.9759842157363892, 1.8343477249145508, 2.7311766147613525, 5.022740840911865, 2.046095609664917, 2.818897008895874, 3.1263091564178467, 1.4461222887039185, 3.408672332763672, 5.561859130859375, 2.312835216522217, 3.4467318058013916, 1.98899507522583], "action_chunk_size": 16}