{"latent_step_lens": [12.84375, 13.203125, 13.234375, 8.59375, 12.8125, 13.71875, 12.578125, 6.21875, 12.1875], "latent_step_stds": [5.155421733856201, 5.043240547180176, 4.8065505027771, 6.004545211791992, 4.628671646118164, 4.516174793243408, 4.689754486083984, 5.641312599182129, 5.276106834411621], "action_chunk_size": 16}