{"latent_step_lens": [15.21875, 15.40625, 14.921875, 6.25, 12.078125, 15.59375, 15.59375, 15.28125, 15.703125, 15.59375, 15.625, 15.515625, 14.96875, 14.875, 15.453125, 3.625, 4.578125, 15.40625], "latent_step_stds": [2.566380500793457, 2.136000871658325, 3.277168035507202, 3.2756922245025635, 5.253282070159912, 1.39975905418396, 1.973786473274231, 2.510098695755005, 1.3295146226882935, 1.6782336235046387, 1.7950549125671387, 1.877115249633789, 2.5258584022521973, 3.239145517349243, 2.2391161918640137, 2.3871347904205322, 2.8273308277130127, 2.060349464416504], "action_chunk_size": 16}